team,matches_played,total_goals_scored,total_goals_conceded,goal_difference,draw,loss,win,win_rate,avg_goals_scored,avg_goals_conceded,points,points_per_match,team_api_id,team_long_name
8634,304,849,232,617,43,27,234,0.7697368421052632,2.7927631578947367,0.7631578947368421,745,2.450657894736842,8634,FC Barcelona
9773,248,541,161,380,42,23,183,0.7379032258064516,2.181451612903226,0.6491935483870968,591,2.3830645161290325,9773,FC Porto
9772,248,568,186,382,36,27,185,0.7459677419354839,2.2903225806451615,0.75,591,2.3830645161290325,9772,SL Benfica
8633,304,843,304,539,36,40,228,0.75,2.773026315789474,1.0,720,2.3684210526315788,8633,Real Madrid CF
9925,304,695,223,472,50,36,218,0.7171052631578947,2.286184210526316,0.7335526315789473,704,2.3157894736842106,9925,Celtic
8548,152,324,113,211,25,19,108,0.7105263157894737,2.1315789473684212,0.743421052631579,349,2.2960526315789473,8548,Rangers
9823,272,653,211,442,44,35,193,0.7095588235294118,2.400735294117647,0.7757352941176471,623,2.2904411764705883,9823,FC Bayern Munich
8593,272,647,236,411,59,32,181,0.6654411764705882,2.3786764705882355,0.8676470588235294,602,2.213235294117647,8593,Ajax
8635,212,427,182,245,49,27,136,0.6415094339622641,2.0141509433962264,0.8584905660377359,457,2.1556603773584904,8635,RSC Anderlecht
8640,272,652,294,358,47,47,178,0.6544117647058824,2.3970588235294117,1.0808823529411764,581,2.136029411764706,8640,PSV
9931,286,619,311,308,64,42,180,0.6293706293706294,2.164335664335664,1.0874125874125875,604,2.111888111888112,9931,FC Basel
9885,301,543,250,293,66,46,189,0.627906976744186,1.803986710963455,0.8305647840531561,633,2.1029900332225915,9885,Juventus
10260,304,582,280,302,57,55,192,0.631578947368421,1.9144736842105263,0.9210526315789473,633,2.0822368421052633,10260,Manchester United
9768,248,411,209,202,60,44,144,0.5806451612903226,1.657258064516129,0.842741935483871,492,1.9838709677419355,9768,Sporting CP
9847,304,568,267,301,76,53,175,0.5756578947368421,1.868421052631579,0.8782894736842105,601,1.9769736842105263,9847,Paris Saint-Germain
8455,304,583,286,297,70,58,176,0.5789473684210527,1.917763157894737,0.9407894736842105,598,1.9671052631578947,8455,Chelsea
9789,272,551,282,269,62,53,157,0.5772058823529411,2.025735294117647,1.036764705882353,533,1.9595588235294117,9789,Borussia Dortmund
8342,212,421,251,170,40,49,123,0.5801886792452831,1.9858490566037736,1.1839622641509433,409,1.929245283018868,8342,Club Brugge KV
8456,304,606,307,299,61,68,175,0.5756578947368421,1.993421052631579,1.0098684210526316,586,1.9276315789473684,8456,Manchester City
8673,240,409,204,205,50,53,137,0.5708333333333333,1.7041666666666666,0.85,461,1.9208333333333334,8673,Legia Warszawa
9825,304,573,320,253,73,61,170,0.5592105263157895,1.8848684210526316,1.0526315789473684,583,1.917763157894737,9825,Arsenal
8611,272,509,319,190,71,57,144,0.5294117647058824,1.8713235294117647,1.1727941176470589,503,1.849264705882353,8611,FC Twente
8686,303,530,359,171,73,68,162,0.5346534653465347,1.7491749174917492,1.1848184818481848,559,1.844884488448845,8686,Roma
9906,304,524,321,203,59,78,167,0.5493421052631579,1.7236842105263157,1.055921052631579,560,1.8421052631578947,9906,Atlético Madrid
2182,240,372,210,162,60,56,124,0.5166666666666667,1.55,0.875,432,1.8,2182,Lech Poznań
8564,303,496,312,184,79,70,154,0.5082508250825083,1.636963696369637,1.0297029702970297,541,1.7854785478547854,8564,Milan
9875,301,514,325,189,77,71,153,0.5083056478405316,1.7076411960132891,1.079734219269103,536,1.7807308970099667,9875,Napoli
9748,304,497,316,181,80,71,153,0.5032894736842105,1.6348684210526316,1.0394736842105263,539,1.7730263157894737,9748,Olympique Lyonnais
8636,303,496,343,153,73,76,154,0.5082508250825083,1.636963696369637,1.132013201320132,535,1.7656765676567656,8636,Inter
10235,272,489,325,164,63,70,139,0.5110294117647058,1.7977941176470589,1.1948529411764706,480,1.7647058823529411,10235,Feyenoord
8178,272,483,329,154,66,69,137,0.5036764705882353,1.775735294117647,1.2095588235294117,477,1.7536764705882353,8178,Bayer 04 Leverkusen
8639,304,450,289,161,92,65,147,0.48355263157894735,1.480263157894737,0.9506578947368421,533,1.7532894736842106,8639,LOSC Lille
9991,218,390,253,137,55,54,109,0.5,1.7889908256880733,1.1605504587155964,382,1.7522935779816513,9991,KAA Gent
10264,248,398,247,151,56,66,126,0.5080645161290323,1.6048387096774193,0.9959677419354839,434,1.75,10264,SC Braga
10229,272,492,348,144,53,79,140,0.5147058823529411,1.8088235294117647,1.2794117647058822,473,1.7389705882352942,10229,AZ
8586,304,481,358,123,74,79,151,0.4967105263157895,1.582236842105263,1.1776315789473684,527,1.7335526315789473,8586,Tottenham Hotspur
10192,286,529,373,156,69,75,142,0.4965034965034965,1.8496503496503496,1.3041958041958042,495,1.7307692307692308,10192,BSC Young Boys
8650,304,531,337,194,76,78,150,0.4934210526315789,1.7467105263157894,1.1085526315789473,526,1.730263157894737,8650,Liverpool
8592,304,462,311,151,90,71,143,0.47039473684210525,1.519736842105263,1.0230263157894737,519,1.707236842105263,8592,Olympique de Marseille
9985,212,341,254,87,42,64,106,0.5,1.6084905660377358,1.1981132075471699,360,1.6981132075471699,9985,Standard de Liège
10267,304,484,369,115,74,88,142,0.46710526315789475,1.5921052631578947,1.2138157894736843,500,1.644736842105263,10267,Valencia CF
9987,212,348,251,97,55,60,97,0.45754716981132076,1.6415094339622642,1.1839622641509433,346,1.6320754716981132,9987,KRC Genk
10265,240,332,235,97,64,68,108,0.45,1.3833333333333333,0.9791666666666666,388,1.6166666666666667,10265,Wisła Kraków
10189,272,426,336,90,57,88,127,0.46691176470588236,1.5661764705882353,1.2352941176470589,438,1.6102941176470589,10189,FC Schalke 04
8197,76,114,91,23,20,22,34,0.4473684210526316,1.5,1.1973684210526316,122,1.605263157894737,8197,Leicester City
8302,304,478,397,81,65,100,139,0.45723684210526316,1.5723684210526316,1.305921052631579,482,1.5855263157894737,8302,Sevilla FC
9829,228,287,237,50,75,58,95,0.4166666666666667,1.2587719298245614,1.0394736842105263,360,1.5789473684210527,9829,AS Monaco
8535,300,440,343,97,75,93,132,0.44,1.4666666666666666,1.1433333333333333,471,1.57,8535,Fiorentina
9827,304,404,335,69,99,79,126,0.4144736842105263,1.3289473684210527,1.1019736842105263,477,1.569078947368421,9827,Girondins de Bordeaux
8721,272,463,396,67,67,88,117,0.43014705882352944,1.7022058823529411,1.4558823529411764,418,1.536764705882353,8721,VfL Wolfsburg
8573,66,102,97,5,14,23,29,0.4393939393939394,1.5454545454545454,1.4696969696969697,101,1.5303030303030303,8573,KV Oostende
10205,266,364,324,40,71,83,112,0.42105263157894735,1.368421052631579,1.218045112781955,407,1.5300751879699248,10205,Villarreal CF
8668,304,439,355,84,100,83,121,0.3980263157894737,1.444078947368421,1.167763157894737,463,1.5230263157894737,8668,Everton
8543,301,417,364,53,65,105,131,0.43521594684385384,1.3853820598006645,1.2093023255813953,458,1.521594684385382,8543,Lazio
10243,286,468,401,67,69,97,120,0.4195804195804196,1.6363636363636365,1.402097902097902,429,1.5,10243,FC Zürich
10249,266,344,307,37,67,89,110,0.41353383458646614,1.2932330827067668,1.1541353383458646,397,1.4924812030075187,10249,Montpellier Hérault SC
9853,304,371,326,45,82,101,121,0.3980263157894737,1.2203947368421053,1.0723684210526316,445,1.4638157894736843,9853,AS Saint-Étienne
2183,150,184,153,31,38,52,60,0.4,1.2266666666666666,1.02,218,1.4533333333333334,2183,P. Warszawa
7842,128,167,160,7,36,42,50,0.390625,1.3046875,1.25,186,1.453125,7842,Estoril Praia
8466,152,216,180,36,40,52,60,0.39473684210526316,1.4210526315789473,1.1842105263157894,220,1.4473684210526316,8466,Southampton
8025,240,318,287,31,80,71,89,0.37083333333333335,1.325,1.1958333333333333,347,1.4458333333333333,8025,Śląsk Wrocław
10228,272,470,455,15,72,93,107,0.39338235294117646,1.7279411764705883,1.6727941176470589,393,1.4448529411764706,10228,SC Heerenveen
9956,286,429,398,31,67,104,115,0.4020979020979021,1.5,1.3916083916083917,412,1.4405594405594406,9956,Grasshopper Club Zürich
8315,304,415,412,3,71,111,122,0.40131578947368424,1.3651315789473684,1.355263157894737,437,1.4375,8315,Athletic Club de Bilbao
8485,304,365,357,8,75,109,120,0.39473684210526316,1.200657894736842,1.174342105263158,435,1.430921052631579,8485,Aberdeen
8674,272,390,403,-13,62,101,109,0.4007352941176471,1.4338235294117647,1.4816176470588236,389,1.4301470588235294,8674,FC Groningen
9788,272,403,379,24,62,101,109,0.4007352941176471,1.4816176470588236,1.3933823529411764,389,1.4301470588235294,9788,Borussia Mönchengladbach
8277,272,423,386,37,71,96,105,0.3860294117647059,1.5551470588235294,1.4191176470588236,386,1.4191176470588236,8277,Vitesse
9908,272,408,402,6,70,97,105,0.3860294117647059,1.5,1.4779411764705883,385,1.4154411764705883,9908,FC Utrecht
8023,120,152,145,7,43,35,42,0.35,1.2666666666666666,1.2083333333333333,169,1.4083333333333334,8023,Pogoń Szczecin
9927,304,403,446,-43,62,120,122,0.40131578947368424,1.325657894736842,1.4671052631578947,428,1.4078947368421053,9927,Motherwell
9938,304,438,435,3,83,106,115,0.3782894736842105,1.4407894736842106,1.430921052631579,428,1.4078947368421053,9938,Dundee United
10214,248,332,345,-13,65,89,94,0.3790322580645161,1.3387096774193548,1.3911290322580645,347,1.3991935483870968,10214,CD Nacional
8571,212,267,260,7,50,80,82,0.3867924528301887,1.259433962264151,1.2264150943396226,296,1.3962264150943395,8571,KV Kortrijk
10000,212,306,280,26,62,72,78,0.36792452830188677,1.4433962264150944,1.320754716981132,296,1.3962264150943395,10000,SV Zulte-Waregem
9851,304,367,354,13,91,102,111,0.3651315789473684,1.207236842105263,1.1644736842105263,424,1.394736842105263,9851,Stade Rennais FC
8600,302,415,404,11,76,111,115,0.38079470198675497,1.3741721854304636,1.3377483443708609,421,1.3940397350993377,8600,Udinese
1601,240,280,292,-12,57,91,92,0.38333333333333336,1.1666666666666667,1.2166666666666666,333,1.3875,1601,Ruch Chorzów
9860,266,317,325,-8,66,99,101,0.37969924812030076,1.1917293233082706,1.2218045112781954,369,1.387218045112782,9860,Heart of Midlothian
9905,238,320,319,1,65,85,88,0.3697478991596639,1.3445378151260505,1.3403361344537814,329,1.3823529411764706,9905,1. FSV Mainz 05
8583,152,168,162,6,50,49,53,0.34868421052631576,1.105263157894737,1.0657894736842106,209,1.375,8583,AJ Auxerre
9994,212,279,272,7,68,70,74,0.3490566037735849,1.3160377358490567,1.2830188679245282,290,1.3679245283018868,9994,Sporting Lokeren
8467,266,308,329,-21,69,99,98,0.3684210526315789,1.1578947368421053,1.236842105263158,363,1.3646616541353382,8467,St. Johnstone FC
8560,228,316,321,-5,59,85,84,0.3684210526315789,1.3859649122807018,1.4078947368421053,311,1.3640350877192982,8560,Real Sociedad
8203,212,285,309,-24,52,81,79,0.37264150943396224,1.3443396226415094,1.4575471698113207,289,1.3632075471698113,8203,KV Mechelen
10199,286,421,408,13,74,107,105,0.36713286713286714,1.472027972027972,1.4265734265734267,389,1.3601398601398602,10199,FC Luzern
7844,248,300,317,-17,61,95,92,0.3709677419354839,1.2096774193548387,1.278225806451613,337,1.3588709677419355,7844,Vitória Guimarães
1957,240,287,315,-28,64,89,87,0.3625,1.1958333333333333,1.3125,325,1.3541666666666667,1957,Jagiellonia Białystok
8066,266,345,356,-11,69,101,96,0.3609022556390977,1.2969924812030076,1.3383458646616542,357,1.3421052631578947,8066,Inverness Caledonian Thistle
10179,286,371,384,-13,69,113,104,0.36363636363636365,1.2972027972027973,1.3426573426573427,381,1.332167832167832,10179,FC Sion
6413,136,204,201,3,33,54,49,0.3602941176470588,1.5,1.4779411764705883,180,1.3235294117647058,6413,PEC Zwolle
8028,180,204,243,-39,42,73,65,0.3611111111111111,1.1333333333333333,1.35,237,1.3166666666666667,8028,Piast Gliwice
10269,272,415,441,-26,61,112,99,0.3639705882352941,1.525735294117647,1.6213235294117647,358,1.3161764705882353,10269,VfB Stuttgart
8121,38,40,38,2,11,14,13,0.34210526315789475,1.0526315789473684,1.0,50,1.3157894736842106,8121,Angers SCO
10233,302,392,411,-19,79,117,106,0.3509933774834437,1.2980132450331126,1.3609271523178808,397,1.314569536423841,10233,Genoa
10191,214,279,282,-3,68,75,71,0.3317757009345794,1.3037383177570094,1.3177570093457944,281,1.3130841121495327,10191,FC Thun
9831,304,342,376,-34,81,117,106,0.34868421052631576,1.125,1.236842105263158,399,1.3125,9831,OGC Nice
9941,304,339,352,-13,90,111,103,0.33881578947368424,1.1151315789473684,1.1578947368421053,399,1.3125,9941,Toulouse FC
8569,180,190,204,-14,49,69,62,0.34444444444444444,1.0555555555555556,1.1333333333333333,235,1.3055555555555556,8569,GKS Bełchatów
9864,304,377,407,-30,78,120,106,0.34868421052631576,1.2401315789473684,1.3388157894736843,396,1.3026315789473684,9864,Málaga CF
9910,152,184,209,-25,35,63,54,0.35526315789473684,1.2105263157894737,1.375,197,1.2960526315789473,9910,RC Celta de Vigo
10212,248,316,346,-30,66,97,85,0.34274193548387094,1.2741935483870968,1.3951612903225807,321,1.2943548387096775,10212,CS Marítimo
9996,34,42,49,-7,8,14,12,0.35294117647058826,1.2352941176470589,1.4411764705882353,44,1.2941176470588236,9996,Royal Excel Mouscron
8245,210,237,275,-38,64,77,69,0.32857142857142857,1.1285714285714286,1.3095238095238095,271,1.2904761904761906,8245,Korona Kielce
8661,190,238,278,-40,44,79,67,0.3526315789473684,1.2526315789473683,1.4631578947368422,245,1.2894736842105263,8661,RCD Mallorca
8020,210,245,269,-24,63,78,69,0.32857142857142857,1.1666666666666667,1.2809523809523808,270,1.2857142857142858,8020,Polonia Bytom
8540,266,351,396,-45,68,107,91,0.34210526315789475,1.3195488721804511,1.4887218045112782,341,1.281954887218045,8540,Palermo
6403,248,292,349,-57,75,93,80,0.3225806451612903,1.1774193548387097,1.407258064516129,315,1.2701612903225807,6403,FC Paços de Ferreira
9790,272,344,421,-77,66,113,93,0.34191176470588236,1.2647058823529411,1.5477941176470589,345,1.2683823529411764,9790,Hamburger SV
8021,180,207,232,-25,51,70,59,0.3277777777777778,1.15,1.288888888888889,228,1.2666666666666666,8021,Zagłębie Lubin
7943,114,141,169,-28,33,44,37,0.32456140350877194,1.236842105263158,1.4824561403508771,144,1.263157894736842,7943,Sassuolo
10167,226,272,315,-43,63,89,74,0.3274336283185841,1.2035398230088497,1.3938053097345133,285,1.261061946902655,10167,Parma
8697,272,423,471,-48,76,107,89,0.3272058823529412,1.5551470588235294,1.7316176470588236,343,1.2610294117647058,8697,SV Werder Bremen
8689,304,378,405,-27,91,116,97,0.3190789473684211,1.243421052631579,1.332236842105263,382,1.256578947368421,8689,FC Lorient
8030,240,279,296,-17,67,95,78,0.325,1.1625,1.2333333333333334,301,1.2541666666666667,8030,Lechia Gdańsk
10003,190,233,257,-24,52,76,62,0.3263157894736842,1.2263157894736842,1.3526315789473684,238,1.2526315789473683,10003,Swansea City
9882,266,318,358,-40,81,101,84,0.3157894736842105,1.1954887218045114,1.3458646616541354,333,1.2518796992481203,9882,Sampdoria
10194,304,322,401,-79,86,120,98,0.3223684210526316,1.0592105263157894,1.319078947368421,380,1.25,10194,Stoke City
9791,272,403,463,-60,61,118,93,0.34191176470588236,1.4816176470588236,1.7022058823529411,340,1.25,9791,Heracles Almelo
7794,152,165,212,-47,37,64,51,0.3355263157894737,1.0855263157894737,1.394736842105263,190,1.25,7794,SC Bastia
8226,272,400,434,-34,76,109,87,0.31985294117647056,1.4705882352941178,1.5955882352941178,337,1.2389705882352942,8226,TSG 1899 Hoffenheim
8406,170,201,242,-41,45,70,55,0.3235294117647059,1.1823529411764706,1.423529411764706,210,1.2352941176470589,8406,FC Augsburg
10190,216,276,337,-61,50,94,72,0.3333333333333333,1.2777777777777777,1.5601851851851851,266,1.2314814814814814,10190,FC St. Gallen
8649,152,192,234,-42,35,67,50,0.32894736842105265,1.263157894736842,1.5394736842105263,185,1.2171052631578947,8649,Ross County FC
9904,272,359,465,-106,57,124,91,0.33455882352941174,1.3198529411764706,1.7095588235294117,330,1.213235294117647,9904,Hannover 96
9804,190,241,264,-23,59,74,57,0.3,1.268421052631579,1.3894736842105264,230,1.2105263157894737,9804,Torino
9879,228,265,319,-54,62,95,71,0.31140350877192985,1.162280701754386,1.3991228070175439,275,1.206140350877193,9879,Fulham
8558,304,338,434,-96,73,134,97,0.3190789473684211,1.111842105263158,1.4276315789473684,364,1.1973684210526316,8558,RCD Espanyol
8177,204,238,303,-65,49,90,65,0.31862745098039214,1.1666666666666667,1.4852941176470589,244,1.196078431372549,8177,Hertha BSC Berlin
8370,190,247,360,-113,28,96,66,0.3473684210526316,1.3,1.894736842105263,226,1.1894736842105262,8370,Rayo Vallecano
7841,248,248,306,-58,69,104,75,0.3024193548387097,1.0,1.2338709677419355,294,1.185483870967742,7841,Rio Ave FC
9826,114,119,150,-31,24,53,37,0.32456140350877194,1.043859649122807,1.3157894736842106,135,1.1842105263157894,9826,Crystal Palace
9747,114,122,153,-31,24,53,37,0.32456140350877194,1.0701754385964912,1.3421052631578947,135,1.1842105263157894,9747,En Avant de Guingamp
9817,38,40,50,-10,9,17,12,0.3157894736842105,1.0526315789473684,1.3157894736842106,45,1.1842105263157894,9817,Watford
8027,60,75,89,-14,14,27,19,0.31666666666666665,1.25,1.4833333333333334,71,1.1833333333333333,8027,Zawisza Bydgoszcz
8654,266,326,383,-57,74,112,80,0.3007518796992481,1.2255639097744362,1.4398496240601504,314,1.1804511278195489,8654,West Ham United
8530,224,251,308,-57,63,94,67,0.29910714285714285,1.1205357142857142,1.375,264,1.1785714285714286,8530,Catania
9830,152,135,181,-46,44,63,45,0.29605263157894735,0.8881578947368421,1.1907894736842106,179,1.1776315789473684,9830,FC Nantes
8234,34,33,42,-9,10,14,10,0.29411764705882354,0.9705882352941176,1.2352941176470589,40,1.1764705882352942,8234,FC Ingolstadt 04
8358,204,245,318,-73,54,88,62,0.30392156862745096,1.2009803921568627,1.5588235294117647,240,1.1764705882352942,8358,SC Freiburg
9810,238,296,380,-84,63,103,72,0.3025210084033613,1.2436974789915967,1.596638655462185,279,1.1722689075630253,9810,Eintracht Frankfurt
8658,76,75,105,-30,26,29,21,0.27631578947368424,0.9868421052631579,1.381578947368421,89,1.1710526315789473,8658,Birmingham City
10261,266,324,422,-98,65,119,82,0.3082706766917293,1.218045112781955,1.586466165413534,311,1.169172932330827,10261,Newcastle United
8033,150,169,215,-46,49,59,42,0.28,1.1266666666666667,1.4333333333333333,175,1.1666666666666667,8033,Podbeskidzie Bielsko-Biała
8524,263,283,352,-69,69,115,79,0.30038022813688214,1.0760456273764258,1.338403041825095,306,1.1634980988593155,8524,Atalanta
8481,190,203,254,-51,53,81,56,0.29473684210526313,1.068421052631579,1.3368421052631578,221,1.1631578947368422,8481,AS Nancy-Lorraine
7819,190,220,266,-46,53,81,56,0.29473684210526313,1.1578947368421053,1.4,221,1.1631578947368422,7819,SM Caen
8371,228,232,312,-80,64,97,67,0.29385964912280704,1.0175438596491229,1.368421052631579,265,1.162280701754386,8371,CA Osasuna
8305,304,345,457,-112,71,139,94,0.3092105263157895,1.1348684210526316,1.5032894736842106,353,1.1611842105263157,8305,Getafe CF
8464,238,310,390,-80,72,98,68,0.2857142857142857,1.3025210084033614,1.638655462184874,276,1.1596638655462186,8464,N.E.C.
8534,76,86,101,-15,28,28,20,0.2631578947368421,1.131578947368421,1.3289473684210527,88,1.1578947368421053,8534,Empoli
9873,228,256,301,-45,69,94,65,0.2850877192982456,1.1228070175438596,1.3201754385964912,264,1.1578947368421053,9873,Valenciennes FC
8306,38,45,53,-8,8,18,12,0.3157894736842105,1.1842105263157894,1.394736842105263,44,1.1578947368421053,8306,UD Las Palmas
9874,228,246,321,-75,57,102,69,0.3026315789473684,1.0789473684210527,1.4078947368421053,264,1.1578947368421053,9874,FC Sochaux-Montbéliard
8581,228,241,339,-98,56,103,69,0.3026315789473684,1.0570175438596492,1.486842105263158,263,1.1535087719298245,8581,Levante UD
158085,98,101,130,-29,29,41,28,0.2857142857142857,1.030612244897959,1.3265306122448979,113,1.153061224489796,158085,FC Arouca
8533,303,285,367,-82,87,129,87,0.2871287128712871,0.9405940594059405,1.2112211221122111,348,1.1485148514851484,8533,Chievo Verona
8722,204,226,311,-85,54,90,60,0.29411764705882354,1.107843137254902,1.5245098039215685,234,1.1470588235294117,8722,1. FC Köln
9837,152,168,217,-49,42,66,44,0.2894736842105263,1.105263157894737,1.4276315789473684,174,1.144736842105263,9837,Stade de Reims
8529,264,309,378,-69,74,114,76,0.2878787878787879,1.1704545454545454,1.4318181818181819,302,1.143939393939394,8529,Cagliari
10217,272,366,468,-102,74,119,79,0.29044117647058826,1.3455882352941178,1.7205882352941178,311,1.1433823529411764,10217,ADO Den Haag
9984,182,213,274,-61,34,90,58,0.31868131868131866,1.1703296703296704,1.5054945054945055,208,1.1428571428571428,9984,KSV Cercle Brugge
9803,238,343,431,-88,59,108,71,0.29831932773109243,1.4411764705882353,1.8109243697478992,272,1.1428571428571428,9803,Roda JC Kerkrade
10001,182,217,293,-76,46,82,54,0.2967032967032967,1.1923076923076923,1.60989010989011,208,1.1428571428571428,10001,KVC Westerlo
8024,120,122,152,-30,38,49,33,0.275,1.0166666666666666,1.2666666666666666,137,1.1416666666666666,8024,Widzew Łódź
8426,114,135,159,-24,34,48,32,0.2807017543859649,1.1842105263157894,1.394736842105263,130,1.1403508771929824,8426,Partick Thistle F.C.
9783,228,241,334,-93,74,92,62,0.2719298245614035,1.0570175438596492,1.4649122807017543,260,1.1403508771929824,9783,RC Deportivo de La Coruña
9761,238,294,395,-101,58,109,71,0.29831932773109243,1.2352941176470589,1.6596638655462186,271,1.138655462184874,9761,NAC Breda
10252,304,335,462,-127,88,130,86,0.28289473684210525,1.1019736842105263,1.519736842105263,346,1.138157894736842,10252,Aston Villa
9986,182,201,266,-65,42,85,55,0.3021978021978022,1.1043956043956045,1.4615384615384615,207,1.1373626373626373,9986,Sporting Charleroi
10213,30,26,38,-12,10,12,8,0.26666666666666666,0.8666666666666667,1.2666666666666666,34,1.1333333333333333,10213,Amadora
8603,190,225,300,-75,47,87,56,0.29473684210526313,1.1842105263157894,1.5789473684210527,215,1.131578947368421,8603,Real Betis Balompié
10251,228,259,332,-73,62,101,65,0.2850877192982456,1.1359649122807018,1.456140350877193,257,1.1271929824561404,10251,Hibernian
4087,152,180,221,-41,36,71,45,0.29605263157894735,1.1842105263157894,1.4539473684210527,171,1.125,4087,Évian Thonon Gaillard FC
2186,210,235,293,-58,53,96,61,0.2904761904761905,1.119047619047619,1.3952380952380952,236,1.1238095238095238,2186,Cracovia
9876,114,145,196,-51,32,50,32,0.2807017543859649,1.2719298245614035,1.719298245614035,128,1.1228070175438596,9876,Hellas Verona
8659,266,305,405,-100,73,118,75,0.2819548872180451,1.1466165413533835,1.5225563909774436,298,1.1203007518796992,8659,West Bromwich Albion
8165,170,193,269,-76,43,78,49,0.28823529411764703,1.1352941176470588,1.5823529411764705,190,1.1176470588235294,8165,1. FC Nürnberg
8262,34,38,53,-15,11,14,9,0.2647058823529412,1.1176470588235294,1.5588235294117647,38,1.1176470588235294,8262,SV Darmstadt 98
8429,190,185,274,-89,44,90,56,0.29473684210526313,0.9736842105263158,1.4421052631578948,212,1.1157894736842104,8429,Hamilton Academical FC
8678,38,45,67,-22,9,18,11,0.2894736842105263,1.1842105263157894,1.763157894736842,42,1.105263157894737,8678,Bournemouth
7955,126,171,203,-32,31,59,36,0.2857142857142857,1.3571428571428572,1.6111111111111112,139,1.1031746031746033,7955,Neuchâtel Xamax
8031,90,88,122,-34,24,41,25,0.2777777777777778,0.9777777777777777,1.3555555555555556,99,1.1,8031,Polonia Bytom
177361,30,33,43,-10,9,13,8,0.26666666666666666,1.1,1.4333333333333333,33,1.1,177361,Termalica Bruk-Bet Nieciecza
6421,60,55,82,-27,15,28,17,0.2833333333333333,0.9166666666666666,1.3666666666666667,66,1.1,6421,Leixões SC
8597,304,346,457,-111,76,142,86,0.28289473684210525,1.138157894736842,1.5032894736842106,334,1.0986842105263157,8597,Kilmarnock
8655,152,175,252,-77,39,71,42,0.27631578947368424,1.1513157894736843,1.6578947368421053,165,1.0855263157894737,8655,Blackburn Rovers
9869,190,200,303,-103,44,92,54,0.28421052631578947,1.0526315789473684,1.5947368421052632,206,1.0842105263157895,9869,Real Sporting de Gijón
8019,60,61,80,-19,17,27,16,0.26666666666666666,1.0166666666666666,1.3333333333333333,65,1.0833333333333333,8019,Górnik Łęczna
8284,114,127,180,-53,36,49,29,0.2543859649122807,1.1140350877192982,1.5789473684210527,123,1.0789473684210527,8284,Dundee FC
9857,263,263,365,-102,79,116,68,0.2585551330798479,1.0,1.3878326996197718,283,1.0760456273764258,9857,Bologna
8472,304,333,441,-108,92,134,78,0.2565789473684211,1.0953947368421053,1.450657894736842,326,1.0723684210526316,8472,Sunderland
8394,152,159,240,-81,34,75,43,0.28289473684210525,1.0460526315789473,1.5789473684210527,163,1.0723684210526316,8394,Real Zaragoza
8559,152,181,253,-72,33,76,43,0.28289473684210525,1.1907894736842106,1.6644736842105263,162,1.0657894736842106,8559,Bolton Wanderers
10268,76,65,112,-47,21,35,20,0.2631578947368421,0.8552631578947368,1.4736842105263157,81,1.0657894736842106,10268,Elche CF
9993,152,174,237,-63,42,70,40,0.2631578947368421,1.144736842105263,1.5592105263157894,162,1.0657894736842106,9993,Beerschot AC
8528,190,200,320,-120,52,88,50,0.2631578947368421,1.0526315789473684,1.6842105263157894,202,1.063157894736842,8528,Wigan Athletic
9777,70,77,115,-38,14,36,20,0.2857142857142857,1.1,1.6428571428571428,74,1.0571428571428572,9777,Servette FC
9998,94,129,165,-36,24,45,25,0.26595744680851063,1.372340425531915,1.7553191489361701,99,1.053191489361702,9998,RAEC Mons
8348,98,101,147,-46,28,45,25,0.25510204081632654,1.030612244897959,1.5,103,1.0510204081632653,8348,Moreirense FC
7878,190,179,299,-120,43,95,52,0.2736842105263158,0.9421052631578948,1.5736842105263158,199,1.0473684210526315,7878,Granada CF
1773,90,126,162,-36,28,40,22,0.24444444444444444,1.4,1.8,94,1.0444444444444445,1773,Oud-Heverlee Leuven
9850,152,160,253,-93,41,72,39,0.2565789473684211,1.0526315789473684,1.6644736842105263,158,1.0394736842105263,9850,Norwich City
8696,152,160,226,-66,47,68,37,0.24342105263157895,1.0526315789473684,1.486842105263158,158,1.0394736842105263,8696,Racing Santander
10281,152,170,238,-68,47,68,37,0.24342105263157895,1.118421052631579,1.5657894736842106,158,1.0394736842105263,10281,Real Valladolid
9807,158,148,230,-82,53,68,37,0.23417721518987342,0.9367088607594937,1.4556962025316456,164,1.0379746835443038,9807,CF Os Belenenses
7947,34,44,58,-14,8,17,9,0.2647058823529412,1.2941176470588236,1.7058823529411764,35,1.0294117647058822,7947,FCV Dender EH
8483,38,55,78,-23,9,19,10,0.2631578947368421,1.4473684210526316,2.0526315789473686,39,1.0263157894736843,8483,Blackpool
8372,76,83,116,-33,18,38,20,0.2631578947368421,1.0921052631578947,1.5263157894736843,78,1.0263157894736843,8372,SD Eibar
8521,114,99,143,-44,35,52,27,0.23684210526315788,0.868421052631579,1.2543859649122806,116,1.0175438596491229,8521,Stade Brestois 29
9997,118,115,194,-79,27,60,31,0.2627118644067797,0.9745762711864406,1.6440677966101696,120,1.0169491525423728,9997,Sint-Truidense VV
8350,68,72,105,-33,18,33,17,0.25,1.0588235294117647,1.5441176470588236,69,1.0147058823529411,8350,1. FC Kaiserslautern
10215,248,240,346,-106,82,110,56,0.22580645161290322,0.967741935483871,1.3951612903225807,250,1.0080645161290323,10215,Académica de Coimbra
2033,150,138,209,-71,55,63,32,0.21333333333333335,0.92,1.3933333333333333,151,1.0066666666666666,2033,S.C. Olhanense
9865,190,202,321,-119,46,96,48,0.25263157894736843,1.063157894736842,1.6894736842105262,190,1.0,9865,UD Almería
208931,38,37,57,-20,11,18,9,0.23684210526315788,0.9736842105263158,1.5,38,1.0,208931,Carpi
8551,150,149,213,-64,38,75,37,0.24666666666666667,0.9933333333333333,1.42,149,0.9933333333333333,8551,Siena
9771,90,85,135,-50,20,47,23,0.25555555555555554,0.9444444444444444,1.5,89,0.9888888888888889,9771,"União de Leiria, SAD"
8613,68,51,91,-40,16,35,17,0.25,0.75,1.338235294117647,67,0.9852941176470589,8613,Boavista FC
8244,60,50,96,-46,14,31,15,0.25,0.8333333333333334,1.6,59,0.9833333333333333,8244,Widzew Łódź
8242,60,50,85,-35,14,31,15,0.25,0.8333333333333334,1.4166666666666667,59,0.9833333333333333,8242,Odra Wodzisław
8588,114,107,163,-56,34,54,26,0.22807017543859648,0.9385964912280702,1.4298245614035088,112,0.9824561403508771,8588,RC Lens
9809,90,71,125,-54,22,46,22,0.24444444444444444,0.7888888888888889,1.3888888888888888,88,0.9777777777777777,9809,Naval 1° de Maio
6391,38,37,58,-21,13,17,8,0.21052631578947367,0.9736842105263158,1.5263157894736843,37,0.9736842105263158,6391,GFC Ajaccio
9976,76,76,105,-29,20,38,18,0.23684210526315788,1.0,1.381578947368421,74,0.9736842105263158,9976,Bari
7896,36,46,75,-29,8,19,9,0.25,1.2777777777777777,2.0833333333333335,35,0.9722222222222222,7896,Lugano
8475,96,105,166,-61,21,51,24,0.25,1.09375,1.7291666666666667,93,0.96875,8475,Waasland-Beveren
9800,266,257,393,-136,74,131,61,0.22932330827067668,0.9661654135338346,1.4774436090225564,257,0.9661654135338346,9800,St. Mirren
9930,144,153,274,-121,34,75,35,0.24305555555555555,1.0625,1.9027777777777777,139,0.9652777777777778,9930,FC Aarau
10238,248,238,407,-169,65,125,58,0.23387096774193547,0.9596774193548387,1.6411290322580645,239,0.9637096774193549,10238,Vitória Setúbal
7788,102,119,185,-66,26,52,24,0.23529411764705882,1.1666666666666667,1.8137254901960784,98,0.9607843137254902,7788,SC Cambuur
6433,68,74,128,-54,14,37,17,0.25,1.088235294117647,1.8823529411764706,65,0.9558823529411765,6433,Go Ahead Eagles
8322,90,77,121,-44,26,44,20,0.2222222222222222,0.8555555555555555,1.3444444444444446,86,0.9555555555555556,8322,Arka Gdynia
10219,136,153,241,-88,27,75,34,0.25,1.125,1.7720588235294117,129,0.9485294117647058,10219,RKC Waalwijk
9836,38,38,63,-25,9,20,9,0.23684210526315788,1.0,1.6578947368421053,36,0.9473684210526315,9836,Dijon FCO
9867,38,40,74,-34,9,20,9,0.23684210526315788,1.0526315789473684,1.9473684210526316,36,0.9473684210526315,9867,CD Tenerife
8682,76,79,113,-34,18,40,18,0.23684210526315788,1.0394736842105263,1.486842105263158,72,0.9473684210526315,8682,Le Mans FC
9888,111,121,185,-64,33,54,24,0.21621621621621623,1.09009009009009,1.6666666666666667,105,0.9459459459459459,9888,Lecce
10211,90,93,129,-36,25,45,20,0.2222222222222222,1.0333333333333334,1.4333333333333333,85,0.9444444444444444,10211,SC Beira Mar
274581,60,71,102,-31,14,32,14,0.23333333333333334,1.1833333333333333,1.7,56,0.9333333333333333,274581,Royal Excel Mouscron
8576,114,116,184,-68,40,52,22,0.19298245614035087,1.0175438596491229,1.6140350877192982,106,0.9298245614035088,8576,AC Ajaccio
6493,108,128,218,-90,25,58,25,0.23148148148148148,1.1851851851851851,2.0185185185185186,100,0.9259259259259259,6493,AC Bellinzona
8388,38,38,69,-31,5,23,10,0.2631578947368421,1.0,1.8157894736842106,35,0.9210526315789473,8388,CD Numancia
10278,38,36,60,-24,8,21,9,0.23684210526315788,0.9473684210526315,1.5789473684210527,35,0.9210526315789473,10278,Hércules Club de Fútbol
8460,34,31,65,-34,10,17,7,0.20588235294117646,0.9117647058823529,1.911764705882353,31,0.9117647058823529,8460,SC Paderborn 07
9764,124,110,193,-83,35,63,26,0.20967741935483872,0.8870967741935484,1.5564516129032258,113,0.9112903225806451,9764,Gil Vicente FC
8596,76,68,109,-41,24,37,15,0.19736842105263158,0.8947368421052632,1.4342105263157894,69,0.9078947368421053,8596,Falkirk
8462,76,72,123,-51,18,41,17,0.2236842105263158,0.9473684210526315,1.618421052631579,69,0.9078947368421053,8462,Portsmouth
8602,114,118,204,-86,28,61,25,0.21929824561403508,1.0350877192982457,1.7894736842105263,103,0.9035087719298246,8602,Wolverhampton Wanderers
8667,152,144,243,-99,41,79,32,0.21052631578947367,0.9473684210526315,1.5986842105263157,137,0.9013157894736842,8667,Hull City
8614,68,76,132,-56,16,37,15,0.22058823529411764,1.1176470588235294,1.9411764705882353,61,0.8970588235294118,8614,Sparta Rotterdam
9868,38,38,66,-28,10,20,8,0.21052631578947367,1.0,1.736842105263158,34,0.8947368421052632,9868,Xerez Club Deportivo
188163,34,34,54,-20,6,20,8,0.23529411764705882,1.0,1.588235294117647,30,0.8823529411764706,188163,Tondela
8398,34,30,57,-27,6,20,8,0.23529411764705882,0.8823529411764706,1.6764705882352942,30,0.8823529411764706,8398,FC Energie Cottbus
8194,34,39,57,-18,9,18,7,0.20588235294117646,1.1470588235294117,1.6764705882352942,30,0.8823529411764706,8194,Fortuna Düsseldorf
9911,68,72,119,-47,21,34,13,0.19117647058823528,1.0588235294117647,1.75,60,0.8823529411764706,9911,VfL Bochum
9855,76,55,98,-43,22,39,15,0.19736842105263158,0.7236842105263158,1.2894736842105263,67,0.881578947368421,9855,Grenoble Foot 38
8479,38,34,57,-23,9,21,8,0.21052631578947367,0.8947368421052632,1.5,33,0.868421052631579,8479,RC Recreativo
9989,126,113,222,-109,43,61,22,0.1746031746031746,0.8968253968253969,1.7619047619047619,109,0.8650793650793651,9989,Lierse SK
6367,34,27,50,-23,8,19,7,0.20588235294117646,0.7941176470588235,1.4705882352941178,29,0.8529411764705882,6367,Uniao da Madeira
8152,34,35,68,-33,5,21,8,0.23529411764705882,1.0294117647058822,2.0,29,0.8529411764705882,8152,FC St. Pauli
10218,136,154,265,-111,35,74,27,0.19852941176470587,1.1323529411764706,1.9485294117647058,116,0.8529411764705882,10218,Excelsior
6601,34,38,67,-29,8,19,7,0.20588235294117646,1.1176470588235294,1.9705882352941178,29,0.8529411764705882,6601,FC Volendam
8295,34,30,54,-24,5,21,8,0.23529411764705882,0.8823529411764706,1.588235294117647,29,0.8529411764705882,8295,Karlsruher SC
8525,204,222,405,-183,41,119,44,0.21568627450980393,1.088235294117647,1.9852941176470589,173,0.8480392156862745,8525,Willem II
9839,136,152,273,-121,28,79,29,0.21323529411764705,1.1176470588235294,2.0073529411764706,115,0.8455882352941176,9839,VVV-Venlo
8526,136,130,254,-124,34,75,27,0.19852941176470587,0.9558823529411765,1.8676470588235294,115,0.8455882352941176,8526,De Graafschap
9858,38,34,52,-18,11,20,7,0.18421052631578946,0.8947368421052632,1.368421052631579,32,0.8421052631578947,9858,Brescia
8549,38,28,57,-29,11,20,7,0.18421052631578946,0.7368421052631579,1.5,32,0.8421052631578947,8549,Middlesbrough
9765,30,29,49,-20,7,17,6,0.2,0.9666666666666667,1.6333333333333333,25,0.8333333333333334,9765,Portimonense
8191,76,70,135,-65,18,43,15,0.19736842105263158,0.9210526315789473,1.7763157894736843,63,0.8289473684210527,8191,Burnley
9824,108,100,204,-104,32,57,19,0.17592592592592593,0.9259259259259259,1.8888888888888888,89,0.8240740740740741,9824,FC Vaduz
9912,34,29,56,-27,16,14,4,0.11764705882352941,0.8529411764705882,1.6470588235294117,28,0.8235294117647058,9912,DSC Arminia Bielefeld
7730,106,99,183,-84,18,65,23,0.2169811320754717,0.9339622641509434,1.7264150943396226,87,0.8207547169811321,7730,FC Lausanne-Sports
4170,38,31,62,-31,10,21,7,0.18421052631578946,0.8157894736842105,1.631578947368421,31,0.8157894736842105,4170,US Boulogne Cote D'Opale
8690,38,30,62,-32,13,19,6,0.15789473684210525,0.7894736842105263,1.631578947368421,31,0.8157894736842105,8690,Reggio Calabria
9891,38,35,76,-41,7,23,8,0.21052631578947367,0.9210526315789473,2.0,31,0.8157894736842105,9891,Frosinone
10172,114,115,199,-84,26,66,22,0.19298245614035087,1.0087719298245614,1.7456140350877194,92,0.8070175438596491,10172,Queens Park Rangers
6269,36,34,64,-30,11,19,6,0.16666666666666666,0.9444444444444444,1.7777777777777777,29,0.8055555555555556,6269,Novara
4064,30,27,49,-22,9,16,5,0.16666666666666666,0.9,1.6333333333333333,24,0.8,4064,Feirense
4049,34,35,77,-42,6,21,7,0.20588235294117646,1.0294117647058822,2.264705882352941,27,0.7941176470588235,4049,Tubize
9880,110,98,179,-81,30,61,19,0.17272727272727273,0.8909090909090909,1.6272727272727272,87,0.7909090909090909,9880,Cesena
8550,38,31,61,-30,9,22,7,0.18421052631578946,0.8157894736842105,1.605263157894737,30,0.7894736842105263,8550,FC Metz
8344,38,32,74,-42,9,22,7,0.18421052631578946,0.8421052631578947,1.9473684210526316,30,0.7894736842105263,8344,Cardiff City
9999,62,62,117,-55,12,38,12,0.1935483870967742,1.0,1.8870967741935485,48,0.7741935483870968,9999,KSV Roeselare
7992,30,25,42,-17,8,17,5,0.16666666666666666,0.8333333333333334,1.4,23,0.7666666666666667,7992,Trofense
6351,30,28,50,-22,8,17,5,0.16666666666666666,0.9333333333333333,1.6666666666666667,23,0.7666666666666667,6351,KAS Eupen
9798,38,43,73,-30,10,22,6,0.15789473684210525,1.131578947368421,1.9210526315789473,28,0.7368421052631579,9798,Reading
9776,34,29,60,-31,7,21,6,0.17647058823529413,0.8529411764705882,1.7647058823529411,25,0.7352941176470589,9776,Eintracht Braunschweig
10242,76,71,144,-73,22,43,11,0.14473684210526316,0.9342105263157895,1.894736842105263,55,0.7236842105263158,10242,ES Troyes AC
8537,76,66,138,-72,15,48,13,0.17105263157894737,0.868421052631579,1.8157894736842106,54,0.7105263157894737,8537,Livorno
9746,38,30,67,-37,5,26,7,0.18421052631578946,0.7894736842105263,1.763157894736842,26,0.6842105263157895,9746,Le Havre AC
8457,38,40,82,-42,10,23,5,0.13157894736842105,1.0526315789473684,2.1578947368421053,25,0.6578947368421053,8457,Dunfermline Athletic
6547,34,29,69,-40,7,22,5,0.14705882352941177,0.8529411764705882,2.0294117647058822,22,0.6470588235294118,6547,FC Penafiel
8357,34,26,60,-34,9,21,4,0.11764705882352941,0.7647058823529411,1.7647058823529411,21,0.6176470588235294,8357,SpVgg Greuther Fürth
6631,34,24,76,-52,8,22,4,0.11764705882352941,0.7058823529411765,2.235294117647059,20,0.5882352941176471,6631,FC Dordrecht
9878,38,27,84,-57,4,28,6,0.15789473684210525,0.7105263157894737,2.210526315789474,22,0.5789473684210527,9878,Pescara
7869,38,22,68,-46,11,24,3,0.07894736842105263,0.5789473684210527,1.7894736842105263,20,0.5263157894736842,7869,Córdoba CF
108893,38,21,70,-49,11,24,3,0.07894736842105263,0.5526315789473685,1.8421052631578947,20,0.5263157894736842,108893,AC Arles-Avignon
