team,matches_played,total_goals_scored,total_goals_conceded,goal_difference,team_api_id,team_long_name
8634,304,849,232,617,8634,FC Barcelona
8633,304,843,304,539,8633,Real Madrid CF
9925,304,695,223,472,9925,Celtic
9823,272,653,211,442,9823,FC Bayern Munich
8593,272,647,236,411,8593,Ajax
9772,248,568,186,382,9772,SL Benfica
9773,248,541,161,380,9773,FC Porto
8640,272,652,294,358,8640,PSV
9931,286,619,311,308,9931,FC Basel
10260,304,582,280,302,10260,Manchester United
9847,304,568,267,301,9847,Paris Saint-Germain
8456,304,606,307,299,8456,Manchester City
8455,304,583,286,297,8455,Chelsea
9885,301,543,250,293,9885,Juventus
9789,272,551,282,269,9789,Borussia Dortmund
9825,304,573,320,253,9825,Arsenal
8635,212,427,182,245,8635,RSC Anderlecht
8548,152,324,113,211,8548,Rangers
8673,240,409,204,205,8673,Legia Warszawa
9906,304,524,321,203,9906,Atlético Madrid
9768,248,411,209,202,9768,Sporting CP
8650,304,531,337,194,8650,Liverpool
8611,272,509,319,190,8611,FC Twente
9875,301,514,325,189,9875,Napoli
8564,303,496,312,184,8564,Milan
9748,304,497,316,181,9748,Olympique Lyonnais
8686,303,530,359,171,8686,Roma
8342,212,421,251,170,8342,Club Brugge KV
10235,272,489,325,164,10235,Feyenoord
2182,240,372,210,162,2182,Lech Poznań
8639,304,450,289,161,8639,LOSC Lille
10192,286,529,373,156,10192,BSC Young Boys
8178,272,483,329,154,8178,Bayer 04 Leverkusen
8636,303,496,343,153,8636,Inter
10264,248,398,247,151,10264,SC Braga
8592,304,462,311,151,8592,Olympique de Marseille
10229,272,492,348,144,10229,AZ
9991,218,390,253,137,9991,KAA Gent
8586,304,481,358,123,8586,Tottenham Hotspur
10267,304,484,369,115,10267,Valencia CF
9987,212,348,251,97,9987,KRC Genk
10265,240,332,235,97,10265,Wisła Kraków
8535,300,440,343,97,8535,Fiorentina
10189,272,426,336,90,10189,FC Schalke 04
9985,212,341,254,87,9985,Standard de Liège
8668,304,439,355,84,8668,Everton
8302,304,478,397,81,8302,Sevilla FC
9827,304,404,335,69,9827,Girondins de Bordeaux
10243,286,468,401,67,10243,FC Zürich
8721,272,463,396,67,8721,VfL Wolfsburg
8543,301,417,364,53,8543,Lazio
9829,228,287,237,50,9829,AS Monaco
9853,304,371,326,45,9853,AS Saint-Étienne
10205,266,364,324,40,10205,Villarreal CF
10249,266,344,307,37,10249,Montpellier Hérault SC
8277,272,423,386,37,8277,Vitesse
8466,152,216,180,36,8466,Southampton
2183,150,184,153,31,2183,P. Warszawa
9956,286,429,398,31,9956,Grasshopper Club Zürich
8025,240,318,287,31,8025,Śląsk Wrocław
10000,212,306,280,26,10000,SV Zulte-Waregem
9788,272,403,379,24,9788,Borussia Mönchengladbach
8197,76,114,91,23,8197,Leicester City
10228,272,470,455,15,10228,SC Heerenveen
10199,286,421,408,13,10199,FC Luzern
9851,304,367,354,13,9851,Stade Rennais FC
8600,302,415,404,11,8600,Udinese
8485,304,365,357,8,8485,Aberdeen
8571,212,267,260,7,8571,KV Kortrijk
9994,212,279,272,7,9994,Sporting Lokeren
8023,120,152,145,7,8023,Pogoń Szczecin
7842,128,167,160,7,7842,Estoril Praia
9908,272,408,402,6,9908,FC Utrecht
8583,152,168,162,6,8583,AJ Auxerre
8573,66,102,97,5,8573,KV Oostende
9938,304,438,435,3,9938,Dundee United
6413,136,204,201,3,6413,PEC Zwolle
8315,304,415,412,3,8315,Athletic Club de Bilbao
8121,38,40,38,2,8121,Angers SCO
9905,238,320,319,1,9905,1. FSV Mainz 05
10191,214,279,282,-3,10191,FC Thun
8560,228,316,321,-5,8560,Real Sociedad
9996,34,42,49,-7,9996,Royal Excel Mouscron
8306,38,45,53,-8,8306,UD Las Palmas
9860,266,317,325,-8,9860,Heart of Midlothian
8234,34,33,42,-9,8234,FC Ingolstadt 04
9817,38,40,50,-10,9817,Watford
177361,30,33,43,-10,177361,Termalica Bruk-Bet Nieciecza
8066,266,345,356,-11,8066,Inverness Caledonian Thistle
10213,30,26,38,-12,10213,Amadora
1601,240,280,292,-12,1601,Ruch Chorzów
8674,272,390,403,-13,8674,FC Groningen
10214,248,332,345,-13,10214,CD Nacional
9941,304,339,352,-13,9941,Toulouse FC
10179,286,371,384,-13,10179,FC Sion
8569,180,190,204,-14,8569,GKS Bełchatów
8027,60,75,89,-14,8027,Zawisza Bydgoszcz
7947,34,44,58,-14,7947,FCV Dender EH
8262,34,38,53,-15,8262,SV Darmstadt 98
8534,76,86,101,-15,8534,Empoli
7992,30,25,42,-17,7992,Trofense
7844,248,300,317,-17,7844,Vitória Guimarães
8030,240,279,296,-17,8030,Lechia Gdańsk
9858,38,34,52,-18,9858,Brescia
8194,34,39,57,-18,8194,Fortuna Düsseldorf
8019,60,61,80,-19,8019,Górnik Łęczna
10233,302,392,411,-19,10233,Genoa
208931,38,37,57,-20,208931,Carpi
9765,30,29,49,-20,9765,Portimonense
188163,34,34,54,-20,188163,Tondela
6391,38,37,58,-21,6391,GFC Ajaccio
8467,266,308,329,-21,8467,St. Johnstone FC
8678,38,45,67,-22,8678,Bournemouth
6351,30,28,50,-22,6351,KAS Eupen
4064,30,27,49,-22,4064,Feirense
8479,38,34,57,-23,8479,RC Recreativo
6367,34,27,50,-23,6367,Uniao da Madeira
8483,38,55,78,-23,8483,Blackpool
9804,190,241,264,-23,9804,Torino
8020,210,245,269,-24,8020,Polonia Bytom
8295,34,30,54,-24,8295,Karlsruher SC
10003,190,233,257,-24,10003,Swansea City
8426,114,135,159,-24,8426,Partick Thistle F.C.
10278,38,36,60,-24,10278,Hércules Club de Fútbol
8203,212,285,309,-24,8203,KV Mechelen
9910,152,184,209,-25,9910,RC Celta de Vigo
8021,180,207,232,-25,8021,Zagłębie Lubin
9836,38,38,63,-25,9836,Dijon FCO
10269,272,415,441,-26,10269,VfB Stuttgart
8689,304,378,405,-27,8689,FC Lorient
6421,60,55,82,-27,6421,Leixões SC
9912,34,29,56,-27,9912,DSC Arminia Bielefeld
8398,34,30,57,-27,8398,FC Energie Cottbus
1957,240,287,315,-28,1957,Jagiellonia Białystok
9868,38,38,66,-28,9868,Xerez Club Deportivo
7943,114,141,169,-28,7943,Sassuolo
8549,38,28,57,-29,8549,Middlesbrough
6601,34,38,67,-29,6601,FC Volendam
7896,36,46,75,-29,7896,Lugano
9976,76,76,105,-29,9976,Bari
158085,98,101,130,-29,158085,FC Arouca
10212,248,316,346,-30,10212,CS Marítimo
9864,304,377,407,-30,9864,Málaga CF
8024,120,122,152,-30,8024,Widzew Łódź
9798,38,43,73,-30,9798,Reading
8550,38,31,61,-30,8550,FC Metz
8658,76,75,105,-30,8658,Birmingham City
6269,36,34,64,-30,6269,Novara
4170,38,31,62,-31,4170,US Boulogne Cote D'Opale
9776,34,29,60,-31,9776,Eintracht Braunschweig
274581,60,71,102,-31,274581,Royal Excel Mouscron
8388,38,38,69,-31,8388,CD Numancia
9826,114,119,150,-31,9826,Crystal Palace
9747,114,122,153,-31,9747,En Avant de Guingamp
7955,126,171,203,-32,7955,Neuchâtel Xamax
8690,38,30,62,-32,8690,Reggio Calabria
8152,34,35,68,-33,8152,FC St. Pauli
8350,68,72,105,-33,8350,1. FC Kaiserslautern
8372,76,83,116,-33,8372,SD Eibar
9867,38,40,74,-34,9867,CD Tenerife
8460,34,31,65,-34,8460,SC Paderborn 07
8357,34,26,60,-34,8357,SpVgg Greuther Fürth
8226,272,400,434,-34,8226,TSG 1899 Hoffenheim
9831,304,342,376,-34,9831,OGC Nice
8031,90,88,122,-34,8031,Polonia Bytom
8682,76,79,113,-34,8682,Le Mans FC
8242,60,50,85,-35,8242,Odra Wodzisław
10211,90,93,129,-36,10211,SC Beira Mar
9998,94,129,165,-36,9998,RAEC Mons
1773,90,126,162,-36,1773,Oud-Heverlee Leuven
9746,38,30,67,-37,9746,Le Havre AC
8245,210,237,275,-38,8245,Korona Kielce
9777,70,77,115,-38,9777,Servette FC
8028,180,204,243,-39,8028,Piast Gliwice
9882,266,318,358,-40,9882,Sampdoria
8613,68,51,91,-40,8613,Boavista FC
6547,34,29,69,-40,6547,FC Penafiel
8661,190,238,278,-40,8661,RCD Mallorca
4087,152,180,221,-41,4087,Évian Thonon Gaillard FC
9891,38,35,76,-41,9891,Frosinone
8406,170,201,242,-41,8406,FC Augsburg
8596,76,68,109,-41,8596,Falkirk
4049,34,35,77,-42,4049,Tubize
8457,38,40,82,-42,8457,Dunfermline Athletic
8649,152,192,234,-42,8649,Ross County FC
8344,38,32,74,-42,8344,Cardiff City
9927,304,403,446,-43,9927,Motherwell
10167,226,272,315,-43,10167,Parma
9855,76,55,98,-43,9855,Grenoble Foot 38
8521,114,99,143,-44,8521,Stade Brestois 29
8322,90,77,121,-44,8322,Arka Gdynia
9873,228,256,301,-45,9873,Valenciennes FC
8540,266,351,396,-45,8540,Palermo
7869,38,22,68,-46,7869,Córdoba CF
9830,152,135,181,-46,9830,FC Nantes
8244,60,50,96,-46,8244,Widzew Łódź
8033,150,169,215,-46,8033,Podbeskidzie Bielsko-Biała
8348,98,101,147,-46,8348,Moreirense FC
7819,190,220,266,-46,7819,SM Caen
10268,76,65,112,-47,10268,Elche CF
7794,152,165,212,-47,7794,SC Bastia
9911,68,72,119,-47,9911,VfL Bochum
8697,272,423,471,-48,8697,SV Werder Bremen
9837,152,168,217,-49,9837,Stade de Reims
108893,38,21,70,-49,108893,AC Arles-Avignon
9771,90,85,135,-50,9771,"União de Leiria, SAD"
8481,190,203,254,-51,8481,AS Nancy-Lorraine
8462,76,72,123,-51,8462,Portsmouth
9876,114,145,196,-51,9876,Hellas Verona
6631,34,24,76,-52,6631,FC Dordrecht
8284,114,127,180,-53,8284,Dundee FC
9879,228,265,319,-54,9879,Fulham
6433,68,74,128,-54,6433,Go Ahead Eagles
9809,90,71,125,-54,9809,Naval 1° de Maio
9999,62,62,117,-55,9999,KSV Roeselare
8614,68,76,132,-56,8614,Sparta Rotterdam
8588,114,107,163,-56,8588,RC Lens
6403,248,292,349,-57,6403,FC Paços de Ferreira
8654,266,326,383,-57,8654,West Ham United
8530,224,251,308,-57,8530,Catania
9878,38,27,84,-57,9878,Pescara
2186,210,235,293,-58,2186,Cracovia
7841,248,248,306,-58,7841,Rio Ave FC
9791,272,403,463,-60,9791,Heracles Almelo
10190,216,276,337,-61,10190,FC St. Gallen
9984,182,213,274,-61,9984,KSV Cercle Brugge
8475,96,105,166,-61,8475,Waasland-Beveren
9993,152,174,237,-63,9993,Beerschot AC
8551,150,149,213,-64,8551,Siena
9888,111,121,185,-64,9888,Lecce
8177,204,238,303,-65,8177,Hertha BSC Berlin
8191,76,70,135,-65,8191,Burnley
9986,182,201,266,-65,9986,Sporting Charleroi
7788,102,119,185,-66,7788,SC Cambuur
8696,152,160,226,-66,8696,Racing Santander
8576,114,116,184,-68,8576,AC Ajaccio
10281,152,170,238,-68,10281,Real Valladolid
8524,263,283,352,-69,8524,Atalanta
8529,264,309,378,-69,8529,Cagliari
2033,150,138,209,-71,2033,S.C. Olhanense
8537,76,66,138,-72,8537,Livorno
8559,152,181,253,-72,8559,Bolton Wanderers
8358,204,245,318,-73,8358,SC Freiburg
10251,228,259,332,-73,10251,Hibernian
10242,76,71,144,-73,10242,ES Troyes AC
8603,190,225,300,-75,8603,Real Betis Balompié
9874,228,246,321,-75,9874,FC Sochaux-Montbéliard
10001,182,217,293,-76,10001,KVC Westerlo
8165,170,193,269,-76,8165,1. FC Nürnberg
9790,272,344,421,-77,9790,Hamburger SV
8655,152,175,252,-77,8655,Blackburn Rovers
10194,304,322,401,-79,10194,Stoke City
9997,118,115,194,-79,9997,Sint-Truidense VV
8371,228,232,312,-80,8371,CA Osasuna
8464,238,310,390,-80,8464,N.E.C.
9880,110,98,179,-81,9880,Cesena
8394,152,159,240,-81,8394,Real Zaragoza
8533,303,285,367,-82,8533,Chievo Verona
9807,158,148,230,-82,9807,CF Os Belenenses
9764,124,110,193,-83,9764,Gil Vicente FC
10172,114,115,199,-84,10172,Queens Park Rangers
7730,106,99,183,-84,7730,FC Lausanne-Sports
9810,238,296,380,-84,9810,Eintracht Frankfurt
8722,204,226,311,-85,8722,1. FC Köln
8602,114,118,204,-86,8602,Wolverhampton Wanderers
10219,136,153,241,-88,10219,RKC Waalwijk
9803,238,343,431,-88,9803,Roda JC Kerkrade
8429,190,185,274,-89,8429,Hamilton Academical FC
6493,108,128,218,-90,6493,AC Bellinzona
9850,152,160,253,-93,9850,Norwich City
9783,228,241,334,-93,9783,RC Deportivo de La Coruña
8558,304,338,434,-96,8558,RCD Espanyol
10261,266,324,422,-98,10261,Newcastle United
8581,228,241,339,-98,8581,Levante UD
8667,152,144,243,-99,8667,Hull City
8659,266,305,405,-100,8659,West Bromwich Albion
9761,238,294,395,-101,9761,NAC Breda
10217,272,366,468,-102,10217,ADO Den Haag
9857,263,263,365,-102,9857,Bologna
9869,190,200,303,-103,9869,Real Sporting de Gijón
9824,108,100,204,-104,9824,FC Vaduz
10215,248,240,346,-106,10215,Académica de Coimbra
9904,272,359,465,-106,9904,Hannover 96
8472,304,333,441,-108,8472,Sunderland
9989,126,113,222,-109,9989,Lierse SK
8597,304,346,457,-111,8597,Kilmarnock
10218,136,154,265,-111,10218,Excelsior
8305,304,345,457,-112,8305,Getafe CF
8370,190,247,360,-113,8370,Rayo Vallecano
9865,190,202,321,-119,9865,UD Almería
8528,190,200,320,-120,8528,Wigan Athletic
7878,190,179,299,-120,7878,Granada CF
9930,144,153,274,-121,9930,FC Aarau
9839,136,152,273,-121,9839,VVV-Venlo
8526,136,130,254,-124,8526,De Graafschap
10252,304,335,462,-127,10252,Aston Villa
9800,266,257,393,-136,9800,St. Mirren
10238,248,238,407,-169,10238,Vitória Setúbal
8525,204,222,405,-183,8525,Willem II
